{
    "u_mean": 0.8107679486274719,
    "v_mean": -6.68148641125299e-05,
    "p_mean": -0.06570324301719666,
    "x_mean": -2.7519457944436e-05,
    "y_mean": 8.479981161713113e-10,
    "t_mean": 263.0858154296875,
    "x_std": 1.109707236289978,
    "y_std": 1.109645962715149,
    "t_std": 1.7998195886611938,
    "u_std": 0.4032468795776367,
    "v_std": 0.22075147926807404,
    "p_std": 0.23717699944972992,
    "ya0_mean": 0.05000000447034836,
    "ya0_std": 1.0,
    "w0_mean": 1.0134085416793823,
    "w0_std": 1.0
}