{
    "u_mean": 0.8140181303024292,
    "v_mean": -3.0087821869528852e-05,
    "p_mean": -0.06443440169095993,
    "x_mean": -2.7519457944436e-05,
    "y_mean": 8.479981161713113e-10,
    "t_mean": 263.0858154296875,
    "x_std": 1.109707236289978,
    "y_std": 1.109645962715149,
    "t_std": 1.7998195886611938,
    "u_std": 0.4008216857910156,
    "v_std": 0.22968697547912598,
    "p_std": 0.24069246649742126,
    "ya0_mean": 0.07499998807907104,
    "ya0_std": 1.0,
    "w0_mean": 1.0134085416793823,
    "w0_std": 1.0
}