,total,data,pde,border
0,0.1373375138975038,0.1534620946632484,0.10984731416087007,0.1273218742268923
1,0.03155827090421639,0.018964944811659,0.10895271803055159,0.026952831833527577
2,0.025663485780581956,0.01555887840506002,0.1183179087021604,0.015178221781086331
3,0.024016552746064006,0.014107781529670923,0.12294039746882056,0.01194224757488699
4,0.022935172770712824,0.013054692004706344,0.12438115909935833,0.010272101221400095
