{
    "u_mean": 0.8660097122192383,
    "v_mean": 0.0007118763751350343,
    "p_mean": -0.06463561207056046,
    "x_mean": -2.9021382943028584e-05,
    "y_mean": 4.456942592767632e-10,
    "t_mean": 263.31134033203125,
    "x_std": 1.1391794681549072,
    "y_std": 1.1391160488128662,
    "t_std": 1.9111932516098022,
    "u_std": 0.37428078055381775,
    "v_std": 0.34842556715011597,
    "p_std": 0.2616269886493683,
    "ya0_mean": 0.3499999940395355,
    "ya0_std": 1.0,
    "w0_mean": 0.9519968032836914,
    "w0_std": 1.0
}