{
    "u_mean": 0.8400148153305054,
    "v_mean": 0.00018122316396329552,
    "p_mean": -0.06188756600022316,
    "x_mean": -2.9021382943028584e-05,
    "y_mean": 4.456942592767632e-10,
    "t_mean": 263.31134033203125,
    "x_std": 1.1391794681549072,
    "y_std": 1.1391160488128662,
    "t_std": 1.9111932516098022,
    "u_std": 0.3901863396167755,
    "v_std": 0.21862450242042542,
    "p_std": 0.2240232676267624,
    "ya0_mean": 0.10000000149011612,
    "ya0_std": 1.0,
    "w0_mean": 0.9519968032836914,
    "w0_std": 1.0
}